Time: 2025-01-07 00:00:00, Timestep: 1, Round: 1, Phase: TRANSMITTING, Aggregation Server: 2, Redistribution Server: TBD, Target Node: 2, Phase Length: 6, Timestep in Phase: 1, Current Connections: 5, Cumulative Connections: 5/6, Connected Sats: [1, 3, 4, 6, 7], Missing Sats: [5], Target Sats: [1, 3, 4, 5, 6, 7], Phase Complete: False
0,0,0,0,0,1,0,1
0,0,1,0,0,0,1,0
0,1,0,1,1,0,1,1
0,0,1,0,0,1,0,0
0,0,1,0,0,0,1,1
1,0,0,1,0,0,0,1
0,1,1,0,1,0,0,1
1,0,1,0,1,1,1,0
Time: 2025-01-07 00:01:00, Timestep: 2, Round: 1, Phase: TRANSMITTING, Aggregation Server: 2, Redistribution Server: TBD, Target Node: 2, Phase Length: 6, Timestep in Phase: 2, Current Connections: 5, Cumulative Connections: 5/6, Connected Sats: [1, 3, 4, 6, 7], Missing Sats: [5], Target Sats: [1, 3, 4, 5, 6, 7], Phase Complete: False
0,0,0,0,0,1,0,1
0,0,1,0,0,0,1,0
0,1,0,1,1,0,1,1
0,0,1,0,0,1,0,0
0,0,1,0,0,0,1,1
1,0,0,1,0,0,0,1
0,1,1,0,1,0,0,1
1,0,1,0,1,1,1,0
Time: 2025-01-07 00:02:00, Timestep: 3, Round: 1, Phase: TRANSMITTING, Aggregation Server: 2, Redistribution Server: TBD, Target Node: 2, Phase Length: 6, Timestep in Phase: 3, Current Connections: 5, Cumulative Connections: 5/6, Connected Sats: [1, 3, 4, 6, 7], Missing Sats: [5], Target Sats: [1, 3, 4, 5, 6, 7], Phase Complete: False
0,0,0,0,0,1,0,1
0,0,1,0,0,0,1,0
0,1,0,1,1,0,1,1
0,0,1,0,0,1,0,0
0,0,1,0,0,0,1,1
1,0,0,1,0,0,0,1
0,1,1,0,1,0,0,1
1,0,1,0,1,1,1,0
Time: 2025-01-07 00:03:00, Timestep: 4, Round: 1, Phase: TRANSMITTING, Aggregation Server: 2, Redistribution Server: TBD, Target Node: 2, Phase Length: 6, Timestep in Phase: 4, Current Connections: 5, Cumulative Connections: 5/6, Connected Sats: [1, 3, 4, 6, 7], Missing Sats: [5], Target Sats: [1, 3, 4, 5, 6, 7], Phase Complete: False
0,0,0,1,0,1,0,1
0,0,1,0,1,0,1,0
0,1,0,1,1,0,1,1
1,0,1,0,0,1,0,0
0,1,1,0,0,0,1,1
1,0,0,1,0,0,0,1
0,1,1,0,1,0,0,1
1,0,1,0,1,1,1,0
Time: 2025-01-07 00:04:00, Timestep: 5, Round: 1, Phase: TRANSMITTING, Aggregation Server: 2, Redistribution Server: TBD, Target Node: 2, Phase Length: 6, Timestep in Phase: 5, Current Connections: 4, Cumulative Connections: 5/6, Connected Sats: [1, 3, 4, 6, 7], Missing Sats: [5], Target Sats: [1, 3, 4, 5, 6, 7], Phase Complete: False
0,0,0,1,0,1,0,1
0,0,1,0,1,0,1,0
0,1,0,0,1,0,1,1
1,0,0,0,0,1,0,0
0,1,1,0,0,0,1,1
1,0,0,1,0,0,0,1
0,1,1,0,1,0,0,1
1,0,1,0,1,1,1,0
Time: 2025-01-07 00:05:00, Timestep: 6, Round: 1, Phase: TRANSMITTING, Aggregation Server: 2, Redistribution Server: TBD, Target Node: 2, Phase Length: 6, Timestep in Phase: 6, Current Connections: 5, Cumulative Connections: 6/6, Connected Sats: [1, 3, 4, 5, 6, 7], Missing Sats: [], Target Sats: [1, 3, 4, 5, 6, 7], Phase Complete: True
0,0,0,1,0,1,0,1
0,0,1,0,1,0,1,0
0,1,0,0,1,1,1,1
1,0,0,0,0,1,0,0
0,1,1,0,0,0,1,1
1,0,1,1,0,0,0,1
0,1,1,0,1,0,0,1
1,0,1,0,1,1,1,0
Time: 2025-01-07 00:06:00, Timestep: 7, Round: 1, Phase: REDISTRIBUTION, Aggregation Server: 2, Redistribution Server: 2, Target Node: 2, Phase Length: 1, Timestep in Phase: 1, Current Connections: 5, Cumulative Connections: 5/0, Connected Sats: [1, 4, 5, 6, 7], Missing Sats: [], Target Sats: [], Phase Complete: True
0,0,0,1,0,1,0,1
0,0,1,0,1,0,1,0
0,1,0,0,1,1,1,1
1,0,0,0,0,1,0,0
0,1,1,0,0,0,1,1
1,0,1,1,0,0,0,1
0,1,1,0,1,0,0,1
1,0,1,0,1,1,1,0
Time: 2025-01-07 00:07:00, Timestep: 8, Round: 2, Phase: TRANSMITTING, Aggregation Server: 2, Redistribution Server: TBD, Target Node: 2, Phase Length: 20, Timestep in Phase: 1, Current Connections: 5, Cumulative Connections: 5/6, Connected Sats: [1, 4, 5, 6, 7], Missing Sats: [3], Target Sats: [1, 3, 4, 5, 6, 7], Phase Complete: False
0,0,0,1,0,1,0,1
0,0,1,0,1,0,0,0
0,1,0,0,1,1,1,1
1,0,0,0,0,1,0,0
0,1,1,0,0,0,1,1
1,0,1,1,0,0,0,1
0,0,1,0,1,0,0,1
1,0,1,0,1,1,1,0
Time: 2025-01-07 00:08:00, Timestep: 9, Round: 2, Phase: TRANSMITTING, Aggregation Server: 2, Redistribution Server: TBD, Target Node: 2, Phase Length: 20, Timestep in Phase: 2, Current Connections: 5, Cumulative Connections: 5/6, Connected Sats: [1, 4, 5, 6, 7], Missing Sats: [3], Target Sats: [1, 3, 4, 5, 6, 7], Phase Complete: False
0,0,0,1,0,1,0,1
0,0,1,0,1,0,0,0
0,1,0,0,1,1,1,1
1,0,0,0,0,1,0,0
0,1,1,0,0,0,1,1
1,0,1,1,0,0,0,1
0,0,1,0,1,0,0,1
1,0,1,0,1,1,1,0
Time: 2025-01-07 00:09:00, Timestep: 10, Round: 2, Phase: TRANSMITTING, Aggregation Server: 2, Redistribution Server: TBD, Target Node: 2, Phase Length: 20, Timestep in Phase: 3, Current Connections: 5, Cumulative Connections: 5/6, Connected Sats: [1, 4, 5, 6, 7], Missing Sats: [3], Target Sats: [1, 3, 4, 5, 6, 7], Phase Complete: False
0,0,0,1,0,1,0,1
0,0,1,0,1,0,0,0
0,1,0,0,1,1,1,1
1,0,0,0,0,1,0,0
0,1,1,0,0,0,1,1
1,0,1,1,0,0,0,1
0,0,1,0,1,0,0,1
1,0,1,0,1,1,1,0
Time: 2025-01-07 00:10:00, Timestep: 11, Round: 2, Phase: TRANSMITTING, Aggregation Server: 2, Redistribution Server: TBD, Target Node: 2, Phase Length: 20, Timestep in Phase: 4, Current Connections: 5, Cumulative Connections: 5/6, Connected Sats: [1, 4, 5, 6, 7], Missing Sats: [3], Target Sats: [1, 3, 4, 5, 6, 7], Phase Complete: False
0,0,0,1,0,1,0,1
0,0,1,0,1,0,0,0
0,1,0,0,1,1,1,1
1,0,0,0,0,1,0,0
0,1,1,0,0,0,1,0
1,0,1,1,0,0,0,1
0,0,1,0,1,0,0,1
1,0,1,0,0,1,1,0
Time: 2025-01-07 00:11:00, Timestep: 12, Round: 2, Phase: TRANSMITTING, Aggregation Server: 2, Redistribution Server: TBD, Target Node: 2, Phase Length: 20, Timestep in Phase: 5, Current Connections: 5, Cumulative Connections: 5/6, Connected Sats: [1, 4, 5, 6, 7], Missing Sats: [3], Target Sats: [1, 3, 4, 5, 6, 7], Phase Complete: False
0,0,0,1,0,1,0,1
0,0,1,0,1,0,0,0
0,1,0,0,1,1,1,1
1,0,0,0,0,1,0,0
0,1,1,0,0,0,1,0
1,0,1,1,0,0,0,1
0,0,1,0,1,0,0,1
1,0,1,0,0,1,1,0
Time: 2025-01-07 00:12:00, Timestep: 13, Round: 2, Phase: TRANSMITTING, Aggregation Server: 2, Redistribution Server: TBD, Target Node: 2, Phase Length: 20, Timestep in Phase: 6, Current Connections: 5, Cumulative Connections: 5/6, Connected Sats: [1, 4, 5, 6, 7], Missing Sats: [3], Target Sats: [1, 3, 4, 5, 6, 7], Phase Complete: False
0,0,0,1,0,1,0,1
0,0,1,0,1,0,0,0
0,1,0,0,1,1,1,1
1,0,0,0,0,1,0,0
0,1,1,0,0,0,1,0
1,0,1,1,0,0,0,1
0,0,1,0,1,0,0,1
1,0,1,0,0,1,1,0
Time: 2025-01-07 00:13:00, Timestep: 14, Round: 2, Phase: TRANSMITTING, Aggregation Server: 2, Redistribution Server: TBD, Target Node: 2, Phase Length: 20, Timestep in Phase: 7, Current Connections: 5, Cumulative Connections: 5/6, Connected Sats: [1, 4, 5, 6, 7], Missing Sats: [3], Target Sats: [1, 3, 4, 5, 6, 7], Phase Complete: False
0,0,0,1,0,1,0,1
0,0,1,0,1,0,0,0
0,1,0,0,1,1,1,1
1,0,0,0,0,1,0,1
0,1,1,0,0,1,1,0
1,0,1,1,1,0,0,1
0,0,1,0,1,0,0,1
1,0,1,1,0,1,1,0
Time: 2025-01-07 00:14:00, Timestep: 15, Round: 2, Phase: TRANSMITTING, Aggregation Server: 2, Redistribution Server: TBD, Target Node: 2, Phase Length: 20, Timestep in Phase: 8, Current Connections: 5, Cumulative Connections: 5/6, Connected Sats: [1, 4, 5, 6, 7], Missing Sats: [3], Target Sats: [1, 3, 4, 5, 6, 7], Phase Complete: False
0,0,0,1,0,1,0,1
0,0,1,0,1,0,0,0
0,1,0,0,1,1,1,1
1,0,0,0,0,1,0,1
0,1,1,0,0,1,0,0
1,0,1,1,1,0,0,1
0,0,1,0,0,0,0,1
1,0,1,1,0,1,1,0
Time: 2025-01-07 00:15:00, Timestep: 16, Round: 2, Phase: TRANSMITTING, Aggregation Server: 2, Redistribution Server: TBD, Target Node: 2, Phase Length: 20, Timestep in Phase: 9, Current Connections: 5, Cumulative Connections: 5/6, Connected Sats: [1, 4, 5, 6, 7], Missing Sats: [3], Target Sats: [1, 3, 4, 5, 6, 7], Phase Complete: False
0,0,0,1,0,1,0,1
0,0,1,0,1,0,0,0
0,1,0,0,1,1,1,1
1,0,0,0,0,1,0,1
0,1,1,0,0,1,0,0
1,0,1,1,1,0,0,1
0,0,1,0,0,0,0,1
1,0,1,1,0,1,1,0
Time: 2025-01-07 00:16:00, Timestep: 17, Round: 2, Phase: TRANSMITTING, Aggregation Server: 2, Redistribution Server: TBD, Target Node: 2, Phase Length: 20, Timestep in Phase: 10, Current Connections: 5, Cumulative Connections: 5/6, Connected Sats: [1, 4, 5, 6, 7], Missing Sats: [3], Target Sats: [1, 3, 4, 5, 6, 7], Phase Complete: False
0,0,0,1,0,1,0,1
0,0,1,0,1,0,0,0
0,1,0,0,1,1,1,1
1,0,0,0,0,1,0,1
0,1,1,0,0,1,0,0
1,0,1,1,1,0,0,1
0,0,1,0,0,0,0,1
1,0,1,1,0,1,1,0
Time: 2025-01-07 00:17:00, Timestep: 18, Round: 2, Phase: TRANSMITTING, Aggregation Server: 2, Redistribution Server: TBD, Target Node: 2, Phase Length: 20, Timestep in Phase: 11, Current Connections: 5, Cumulative Connections: 5/6, Connected Sats: [1, 4, 5, 6, 7], Missing Sats: [3], Target Sats: [1, 3, 4, 5, 6, 7], Phase Complete: False
0,0,0,1,0,1,0,1
0,0,1,0,1,0,0,0
0,1,0,0,1,1,1,1
1,0,0,0,0,1,0,1
0,1,1,0,0,1,0,0
1,0,1,1,1,0,0,1
0,0,1,0,0,0,0,1
1,0,1,1,0,1,1,0
Time: 2025-01-07 00:18:00, Timestep: 19, Round: 2, Phase: TRANSMITTING, Aggregation Server: 2, Redistribution Server: TBD, Target Node: 2, Phase Length: 20, Timestep in Phase: 12, Current Connections: 5, Cumulative Connections: 5/6, Connected Sats: [1, 4, 5, 6, 7], Missing Sats: [3], Target Sats: [1, 3, 4, 5, 6, 7], Phase Complete: False
0,0,0,1,0,1,0,1
0,0,1,0,1,0,0,0
0,1,0,0,1,1,1,1
1,0,0,0,0,1,0,1
0,1,1,0,0,1,0,0
1,0,1,1,1,0,0,1
0,0,1,0,0,0,0,1
1,0,1,1,0,1,1,0
Time: 2025-01-07 00:19:00, Timestep: 20, Round: 2, Phase: TRANSMITTING, Aggregation Server: 2, Redistribution Server: TBD, Target Node: 2, Phase Length: 20, Timestep in Phase: 13, Current Connections: 5, Cumulative Connections: 5/6, Connected Sats: [1, 4, 5, 6, 7], Missing Sats: [3], Target Sats: [1, 3, 4, 5, 6, 7], Phase Complete: False
0,0,0,1,0,1,0,1
0,0,1,0,1,0,0,0
0,1,0,0,1,1,1,1
1,0,0,0,0,1,0,1
0,1,1,0,0,1,0,0
1,0,1,1,1,0,0,1
0,0,1,0,0,0,0,1
1,0,1,1,0,1,1,0
Time: 2025-01-07 00:20:00, Timestep: 21, Round: 2, Phase: TRANSMITTING, Aggregation Server: 2, Redistribution Server: TBD, Target Node: 2, Phase Length: 20, Timestep in Phase: 14, Current Connections: 5, Cumulative Connections: 5/6, Connected Sats: [1, 4, 5, 6, 7], Missing Sats: [3], Target Sats: [1, 3, 4, 5, 6, 7], Phase Complete: False
0,0,0,1,0,1,0,1
0,0,1,0,1,0,0,0
0,1,0,0,1,1,1,1
1,0,0,0,0,1,0,1
0,1,1,0,0,1,0,0
1,0,1,1,1,0,0,1
0,0,1,0,0,0,0,1
1,0,1,1,0,1,1,0
Time: 2025-01-07 00:21:00, Timestep: 22, Round: 2, Phase: TRANSMITTING, Aggregation Server: 2, Redistribution Server: TBD, Target Node: 2, Phase Length: 20, Timestep in Phase: 15, Current Connections: 5, Cumulative Connections: 5/6, Connected Sats: [1, 4, 5, 6, 7], Missing Sats: [3], Target Sats: [1, 3, 4, 5, 6, 7], Phase Complete: False
0,0,0,1,0,1,0,1
0,0,1,0,1,0,0,0
0,1,0,0,1,1,1,1
1,0,0,0,0,1,0,1
0,1,1,0,0,1,0,0
1,0,1,1,1,0,0,1
0,0,1,0,0,0,0,1
1,0,1,1,0,1,1,0
Time: 2025-01-07 00:22:00, Timestep: 23, Round: 2, Phase: TRANSMITTING, Aggregation Server: 2, Redistribution Server: TBD, Target Node: 2, Phase Length: 20, Timestep in Phase: 16, Current Connections: 5, Cumulative Connections: 5/6, Connected Sats: [1, 4, 5, 6, 7], Missing Sats: [3], Target Sats: [1, 3, 4, 5, 6, 7], Phase Complete: False
0,0,0,1,0,1,0,1
0,0,1,0,1,0,0,0
0,1,0,0,1,1,1,1
1,0,0,0,0,1,0,1
0,1,1,0,0,1,0,0
1,0,1,1,1,0,0,1
0,0,1,0,0,0,0,1
1,0,1,1,0,1,1,0
Time: 2025-01-07 00:23:00, Timestep: 24, Round: 2, Phase: TRANSMITTING, Aggregation Server: 2, Redistribution Server: TBD, Target Node: 2, Phase Length: 20, Timestep in Phase: 17, Current Connections: 5, Cumulative Connections: 5/6, Connected Sats: [1, 4, 5, 6, 7], Missing Sats: [3], Target Sats: [1, 3, 4, 5, 6, 7], Phase Complete: False
0,0,0,1,0,1,0,1
0,0,1,0,1,0,0,0
0,1,0,0,1,1,1,1
1,0,0,0,0,1,1,1
0,1,1,0,0,1,0,0
1,0,1,1,1,0,0,1
0,0,1,1,0,0,0,1
1,0,1,1,0,1,1,0
Time: 2025-01-07 00:24:00, Timestep: 25, Round: 2, Phase: TRANSMITTING, Aggregation Server: 2, Redistribution Server: TBD, Target Node: 2, Phase Length: 20, Timestep in Phase: 18, Current Connections: 5, Cumulative Connections: 5/6, Connected Sats: [1, 4, 5, 6, 7], Missing Sats: [3], Target Sats: [1, 3, 4, 5, 6, 7], Phase Complete: False
0,0,0,1,0,1,0,1
0,0,1,0,1,0,0,0
0,1,0,0,1,1,1,1
1,0,0,0,0,1,1,1
0,1,1,0,0,1,0,0
1,0,1,1,1,0,0,1
0,0,1,1,0,0,0,1
1,0,1,1,0,1,1,0
Time: 2025-01-07 00:25:00, Timestep: 26, Round: 2, Phase: TRANSMITTING, Aggregation Server: 2, Redistribution Server: TBD, Target Node: 2, Phase Length: 20, Timestep in Phase: 19, Current Connections: 4, Cumulative Connections: 5/6, Connected Sats: [1, 4, 5, 6, 7], Missing Sats: [3], Target Sats: [1, 3, 4, 5, 6, 7], Phase Complete: False
0,0,0,1,0,1,0,1
0,0,1,0,1,0,0,0
0,1,0,0,1,0,1,1
1,0,0,0,0,1,1,1
0,1,1,0,0,1,0,0
1,0,0,1,1,0,0,1
0,0,1,1,0,0,0,1
1,0,1,1,0,1,1,0
Time: 2025-01-07 00:26:00, Timestep: 27, Round: 2, Phase: TRANSMITTING, Aggregation Server: 2, Redistribution Server: TBD, Target Node: 2, Phase Length: 20, Timestep in Phase: 20, Current Connections: 4, Cumulative Connections: 5/6, Connected Sats: [1, 4, 5, 6, 7], Missing Sats: [3], Target Sats: [1, 3, 4, 5, 6, 7], Phase Complete: False
0,0,0,1,0,1,0,1
0,0,1,0,1,0,0,0
0,1,0,0,1,0,1,1
1,0,0,0,0,1,1,1
0,1,1,0,0,1,0,0
1,0,0,1,1,0,0,1
0,0,1,1,0,0,0,1
1,0,1,1,0,1,1,0
Time: 2025-01-07 00:27:00, Timestep: 28, Round: 2, Phase: REDISTRIBUTION, Aggregation Server: 2, Redistribution Server: 2, Target Node: 2, Phase Length: 1, Timestep in Phase: 1, Current Connections: 5, Cumulative Connections: 5/0, Connected Sats: [1, 3, 4, 6, 7], Missing Sats: [], Target Sats: [], Phase Complete: True
0,0,0,1,0,1,0,1
0,0,1,0,1,0,0,0
0,1,0,1,1,0,1,1
1,0,1,0,0,0,1,1
0,1,1,0,0,1,0,0
1,0,0,0,1,0,0,1
0,0,1,1,0,0,0,1
1,0,1,1,0,1,1,0
Time: 2025-01-07 00:28:00, Timestep: 29, Round: 3, Phase: TRANSMITTING, Aggregation Server: 2, Redistribution Server: TBD, Target Node: 2, Phase Length: 20, Timestep in Phase: 1, Current Connections: 5, Cumulative Connections: 5/6, Connected Sats: [1, 3, 4, 6, 7], Missing Sats: [5], Target Sats: [1, 3, 4, 5, 6, 7], Phase Complete: False
0,0,0,1,1,1,0,1
0,0,1,0,1,0,0,0
0,1,0,1,1,0,1,1
1,0,1,0,0,0,1,1
1,1,1,0,0,1,0,0
1,0,0,0,1,0,0,1
0,0,1,1,0,0,0,1
1,0,1,1,0,1,1,0
Time: 2025-01-07 00:29:00, Timestep: 30, Round: 3, Phase: TRANSMITTING, Aggregation Server: 2, Redistribution Server: TBD, Target Node: 2, Phase Length: 20, Timestep in Phase: 2, Current Connections: 5, Cumulative Connections: 5/6, Connected Sats: [1, 3, 4, 6, 7], Missing Sats: [5], Target Sats: [1, 3, 4, 5, 6, 7], Phase Complete: False
0,0,0,1,1,1,0,1
0,0,1,0,1,0,0,0
0,1,0,1,1,0,1,1
1,0,1,0,0,0,1,1
1,1,1,0,0,1,0,1
1,0,0,0,1,0,0,1
0,0,1,1,0,0,0,1
1,0,1,1,1,1,1,0
Time: 2025-01-07 00:30:00, Timestep: 31, Round: 3, Phase: TRANSMITTING, Aggregation Server: 2, Redistribution Server: TBD, Target Node: 2, Phase Length: 20, Timestep in Phase: 3, Current Connections: 5, Cumulative Connections: 5/6, Connected Sats: [1, 3, 4, 6, 7], Missing Sats: [5], Target Sats: [1, 3, 4, 5, 6, 7], Phase Complete: False
0,0,0,1,1,1,0,1
0,0,1,0,1,0,1,0
0,1,0,1,1,0,1,1
1,0,1,0,0,0,1,1
1,1,1,0,0,1,0,1
1,0,0,0,1,0,0,1
0,1,1,1,0,0,0,1
1,0,1,1,1,1,1,0
Time: 2025-01-07 00:31:00, Timestep: 32, Round: 3, Phase: TRANSMITTING, Aggregation Server: 2, Redistribution Server: TBD, Target Node: 2, Phase Length: 20, Timestep in Phase: 4, Current Connections: 5, Cumulative Connections: 5/6, Connected Sats: [1, 3, 4, 6, 7], Missing Sats: [5], Target Sats: [1, 3, 4, 5, 6, 7], Phase Complete: False
0,0,0,1,1,1,0,1
0,0,1,0,1,0,1,0
0,1,0,1,1,0,1,1
1,0,1,0,0,0,1,1
1,1,1,0,0,1,0,1
1,0,0,0,1,0,0,1
0,1,1,1,0,0,0,1
1,0,1,1,1,1,1,0
Time: 2025-01-07 00:32:00, Timestep: 33, Round: 3, Phase: TRANSMITTING, Aggregation Server: 2, Redistribution Server: TBD, Target Node: 2, Phase Length: 20, Timestep in Phase: 5, Current Connections: 5, Cumulative Connections: 5/6, Connected Sats: [1, 3, 4, 6, 7], Missing Sats: [5], Target Sats: [1, 3, 4, 5, 6, 7], Phase Complete: False
0,0,0,1,1,1,0,1
0,0,1,0,0,0,1,0
0,1,0,1,1,0,1,1
1,0,1,0,0,0,1,1
1,0,1,0,0,1,0,1
1,0,0,0,1,0,0,1
0,1,1,1,0,0,0,1
1,0,1,1,1,1,1,0
Time: 2025-01-07 00:33:00, Timestep: 34, Round: 3, Phase: TRANSMITTING, Aggregation Server: 2, Redistribution Server: TBD, Target Node: 2, Phase Length: 20, Timestep in Phase: 6, Current Connections: 5, Cumulative Connections: 5/6, Connected Sats: [1, 3, 4, 6, 7], Missing Sats: [5], Target Sats: [1, 3, 4, 5, 6, 7], Phase Complete: False
0,0,0,1,1,1,0,1
0,0,1,0,0,0,1,0
0,1,0,1,1,0,1,1
1,0,1,0,0,0,1,1
1,0,1,0,0,1,0,1
1,0,0,0,1,0,0,1
0,1,1,1,0,0,0,1
1,0,1,1,1,1,1,0
Time: 2025-01-07 00:34:00, Timestep: 35, Round: 3, Phase: TRANSMITTING, Aggregation Server: 2, Redistribution Server: TBD, Target Node: 2, Phase Length: 20, Timestep in Phase: 7, Current Connections: 5, Cumulative Connections: 5/6, Connected Sats: [1, 3, 4, 6, 7], Missing Sats: [5], Target Sats: [1, 3, 4, 5, 6, 7], Phase Complete: False
0,0,0,1,1,1,0,1
0,0,1,0,0,0,1,0
0,1,0,1,1,0,1,1
1,0,1,0,0,0,1,1
1,0,1,0,0,1,0,1
1,0,0,0,1,0,0,1
0,1,1,1,0,0,0,1
1,0,1,1,1,1,1,0
Time: 2025-01-07 00:35:00, Timestep: 36, Round: 3, Phase: TRANSMITTING, Aggregation Server: 2, Redistribution Server: TBD, Target Node: 2, Phase Length: 20, Timestep in Phase: 8, Current Connections: 5, Cumulative Connections: 5/6, Connected Sats: [1, 3, 4, 6, 7], Missing Sats: [5], Target Sats: [1, 3, 4, 5, 6, 7], Phase Complete: False
0,0,0,1,1,1,0,1
0,0,1,0,0,0,1,0
0,1,0,1,1,0,1,1
1,0,1,0,0,0,1,1
1,0,1,0,0,1,1,1
1,0,0,0,1,0,0,1
0,1,1,1,1,0,0,1
1,0,1,1,1,1,1,0
Time: 2025-01-07 00:36:00, Timestep: 37, Round: 3, Phase: TRANSMITTING, Aggregation Server: 2, Redistribution Server: TBD, Target Node: 2, Phase Length: 20, Timestep in Phase: 9, Current Connections: 5, Cumulative Connections: 5/6, Connected Sats: [1, 3, 4, 6, 7], Missing Sats: [5], Target Sats: [1, 3, 4, 5, 6, 7], Phase Complete: False
0,0,0,1,1,1,0,1
0,0,1,0,0,0,1,0
0,1,0,1,1,0,1,1
1,0,1,0,0,0,1,1
1,0,1,0,0,1,1,1
1,0,0,0,1,0,0,1
0,1,1,1,1,0,0,1
1,0,1,1,1,1,1,0
Time: 2025-01-07 00:37:00, Timestep: 38, Round: 3, Phase: TRANSMITTING, Aggregation Server: 2, Redistribution Server: TBD, Target Node: 2, Phase Length: 20, Timestep in Phase: 10, Current Connections: 5, Cumulative Connections: 5/6, Connected Sats: [1, 3, 4, 6, 7], Missing Sats: [5], Target Sats: [1, 3, 4, 5, 6, 7], Phase Complete: False
0,0,0,1,1,1,0,1
0,0,1,0,0,0,1,0
0,1,0,1,1,0,1,1
1,0,1,0,0,0,1,1
1,0,1,0,0,1,1,1
1,0,0,0,1,0,0,1
0,1,1,1,1,0,0,1
1,0,1,1,1,1,1,0
Time: 2025-01-07 00:38:00, Timestep: 39, Round: 3, Phase: TRANSMITTING, Aggregation Server: 2, Redistribution Server: TBD, Target Node: 2, Phase Length: 20, Timestep in Phase: 11, Current Connections: 5, Cumulative Connections: 5/6, Connected Sats: [1, 3, 4, 6, 7], Missing Sats: [5], Target Sats: [1, 3, 4, 5, 6, 7], Phase Complete: False
0,0,0,1,1,1,0,1
0,0,1,0,0,0,1,0
0,1,0,1,1,0,1,1
1,0,1,0,0,0,1,1
1,0,1,0,0,1,1,1
1,0,0,0,1,0,0,1
0,1,1,1,1,0,0,1
1,0,1,1,1,1,1,0
Time: 2025-01-07 00:39:00, Timestep: 40, Round: 3, Phase: TRANSMITTING, Aggregation Server: 2, Redistribution Server: TBD, Target Node: 2, Phase Length: 20, Timestep in Phase: 12, Current Connections: 5, Cumulative Connections: 5/6, Connected Sats: [1, 3, 4, 6, 7], Missing Sats: [5], Target Sats: [1, 3, 4, 5, 6, 7], Phase Complete: False
0,0,0,0,1,1,0,1
0,0,1,0,0,0,1,0
0,1,0,1,1,0,1,1
0,0,1,0,0,0,1,1
1,0,1,0,0,1,1,1
1,0,0,0,1,0,0,1
0,1,1,1,1,0,0,1
1,0,1,1,1,1,1,0
Time: 2025-01-07 00:40:00, Timestep: 41, Round: 3, Phase: TRANSMITTING, Aggregation Server: 2, Redistribution Server: TBD, Target Node: 2, Phase Length: 20, Timestep in Phase: 13, Current Connections: 5, Cumulative Connections: 5/6, Connected Sats: [1, 3, 4, 6, 7], Missing Sats: [5], Target Sats: [1, 3, 4, 5, 6, 7], Phase Complete: False
0,0,0,0,1,1,0,1
0,0,1,0,0,0,1,0
0,1,0,1,1,0,1,1
0,0,1,0,0,0,0,0
1,0,1,0,0,1,1,1
1,0,0,0,1,0,0,1
0,1,1,0,1,0,0,1
1,0,1,0,1,1,1,0
Time: 2025-01-07 00:41:00, Timestep: 42, Round: 3, Phase: TRANSMITTING, Aggregation Server: 2, Redistribution Server: TBD, Target Node: 2, Phase Length: 20, Timestep in Phase: 14, Current Connections: 5, Cumulative Connections: 5/6, Connected Sats: [1, 3, 4, 6, 7], Missing Sats: [5], Target Sats: [1, 3, 4, 5, 6, 7], Phase Complete: False
0,0,0,0,1,1,0,1
0,0,1,0,0,0,1,0
0,1,0,1,1,0,1,1
0,0,1,0,0,0,0,0
1,0,1,0,0,1,1,1
1,0,0,0,1,0,0,1
0,1,1,0,1,0,0,1
1,0,1,0,1,1,1,0
Time: 2025-01-07 00:42:00, Timestep: 43, Round: 3, Phase: TRANSMITTING, Aggregation Server: 2, Redistribution Server: TBD, Target Node: 2, Phase Length: 20, Timestep in Phase: 15, Current Connections: 5, Cumulative Connections: 5/6, Connected Sats: [1, 3, 4, 6, 7], Missing Sats: [5], Target Sats: [1, 3, 4, 5, 6, 7], Phase Complete: False
0,0,0,0,1,1,0,1
0,0,1,0,0,0,1,0
0,1,0,1,1,0,1,1
0,0,1,0,0,0,0,0
1,0,1,0,0,1,1,1
1,0,0,0,1,0,0,1
0,1,1,0,1,0,0,1
1,0,1,0,1,1,1,0
Time: 2025-01-07 00:43:00, Timestep: 44, Round: 3, Phase: TRANSMITTING, Aggregation Server: 2, Redistribution Server: TBD, Target Node: 2, Phase Length: 20, Timestep in Phase: 16, Current Connections: 5, Cumulative Connections: 5/6, Connected Sats: [1, 3, 4, 6, 7], Missing Sats: [5], Target Sats: [1, 3, 4, 5, 6, 7], Phase Complete: False
0,0,0,0,1,1,0,1
0,0,1,0,0,0,1,0
0,1,0,1,1,0,1,1
0,0,1,0,0,0,0,0
1,0,1,0,0,1,1,1
1,0,0,0,1,0,0,1
0,1,1,0,1,0,0,1
1,0,1,0,1,1,1,0
Time: 2025-01-07 00:44:00, Timestep: 45, Round: 3, Phase: TRANSMITTING, Aggregation Server: 2, Redistribution Server: TBD, Target Node: 2, Phase Length: 20, Timestep in Phase: 17, Current Connections: 5, Cumulative Connections: 5/6, Connected Sats: [1, 3, 4, 6, 7], Missing Sats: [5], Target Sats: [1, 3, 4, 5, 6, 7], Phase Complete: False
0,0,0,0,1,1,0,1
0,0,1,0,0,0,1,0
0,1,0,1,1,0,1,1
0,0,1,0,0,0,0,0
1,0,1,0,0,1,1,1
1,0,0,0,1,0,0,1
0,1,1,0,1,0,0,1
1,0,1,0,1,1,1,0
Time: 2025-01-07 00:45:00, Timestep: 46, Round: 3, Phase: TRANSMITTING, Aggregation Server: 2, Redistribution Server: TBD, Target Node: 2, Phase Length: 20, Timestep in Phase: 18, Current Connections: 5, Cumulative Connections: 5/6, Connected Sats: [1, 3, 4, 6, 7], Missing Sats: [5], Target Sats: [1, 3, 4, 5, 6, 7], Phase Complete: False
0,0,0,0,1,1,0,1
0,0,1,0,0,0,1,0
0,1,0,1,1,0,1,1
0,0,1,0,0,0,0,0
1,0,1,0,0,1,1,1
1,0,0,0,1,0,0,1
0,1,1,0,1,0,0,1
1,0,1,0,1,1,1,0
Time: 2025-01-07 00:46:00, Timestep: 47, Round: 3, Phase: TRANSMITTING, Aggregation Server: 2, Redistribution Server: TBD, Target Node: 2, Phase Length: 20, Timestep in Phase: 19, Current Connections: 5, Cumulative Connections: 5/6, Connected Sats: [1, 3, 4, 6, 7], Missing Sats: [5], Target Sats: [1, 3, 4, 5, 6, 7], Phase Complete: False
0,0,0,0,1,1,0,1
0,0,1,0,0,0,1,0
0,1,0,1,1,0,1,1
0,0,1,0,0,0,0,0
1,0,1,0,0,1,1,1
1,0,0,0,1,0,0,1
0,1,1,0,1,0,0,1
1,0,1,0,1,1,1,0
Time: 2025-01-07 00:47:00, Timestep: 48, Round: 3, Phase: TRANSMITTING, Aggregation Server: 2, Redistribution Server: TBD, Target Node: 2, Phase Length: 20, Timestep in Phase: 20, Current Connections: 5, Cumulative Connections: 5/6, Connected Sats: [1, 3, 4, 6, 7], Missing Sats: [5], Target Sats: [1, 3, 4, 5, 6, 7], Phase Complete: False
0,0,0,0,1,1,0,1
0,0,1,0,0,0,1,0
0,1,0,1,1,0,1,1
0,0,1,0,0,1,0,0
1,0,1,0,0,0,1,1
1,0,0,1,0,0,0,1
0,1,1,0,1,0,0,1
1,0,1,0,1,1,1,0
Time: 2025-01-07 00:48:00, Timestep: 49, Round: 3, Phase: REDISTRIBUTION, Aggregation Server: 2, Redistribution Server: 2, Target Node: 2, Phase Length: 1, Timestep in Phase: 1, Current Connections: 5, Cumulative Connections: 5/0, Connected Sats: [1, 3, 4, 6, 7], Missing Sats: [], Target Sats: [], Phase Complete: True
0,0,0,0,1,1,0,1
0,0,1,0,0,0,1,0
0,1,0,1,1,0,1,1
0,0,1,0,0,1,0,0
1,0,1,0,0,0,1,1
1,0,0,1,0,0,0,1
0,1,1,0,1,0,0,1
1,0,1,0,1,1,1,0
Time: 2025-01-07 00:49:00, Timestep: 50, Round: 4, Phase: TRANSMITTING, Aggregation Server: 2, Redistribution Server: TBD, Target Node: 2, Phase Length: 8, Timestep in Phase: 1, Current Connections: 5, Cumulative Connections: 5/6, Connected Sats: [1, 3, 4, 6, 7], Missing Sats: [5], Target Sats: [1, 3, 4, 5, 6, 7], Phase Complete: False
0,0,0,0,1,1,0,1
0,0,1,0,0,0,1,0
0,1,0,1,1,0,1,1
0,0,1,0,0,1,0,0
1,0,1,0,0,0,1,1
1,0,0,1,0,0,0,1
0,1,1,0,1,0,0,1
1,0,1,0,1,1,1,0
Time: 2025-01-07 00:50:00, Timestep: 51, Round: 4, Phase: TRANSMITTING, Aggregation Server: 2, Redistribution Server: TBD, Target Node: 2, Phase Length: 8, Timestep in Phase: 2, Current Connections: 5, Cumulative Connections: 5/6, Connected Sats: [1, 3, 4, 6, 7], Missing Sats: [5], Target Sats: [1, 3, 4, 5, 6, 7], Phase Complete: False
0,0,0,0,0,1,0,1
0,0,1,0,0,0,1,0
0,1,0,1,1,0,1,1
0,0,1,0,0,1,0,0
0,0,1,0,0,0,1,1
1,0,0,1,0,0,0,1
0,1,1,0,1,0,0,1
1,0,1,0,1,1,1,0
Time: 2025-01-07 00:51:00, Timestep: 52, Round: 4, Phase: TRANSMITTING, Aggregation Server: 2, Redistribution Server: TBD, Target Node: 2, Phase Length: 8, Timestep in Phase: 3, Current Connections: 5, Cumulative Connections: 5/6, Connected Sats: [1, 3, 4, 6, 7], Missing Sats: [5], Target Sats: [1, 3, 4, 5, 6, 7], Phase Complete: False
0,0,0,0,0,1,0,1
0,0,1,0,0,0,1,0
0,1,0,1,1,0,1,1
0,0,1,0,0,1,0,0
0,0,1,0,0,0,1,1
1,0,0,1,0,0,0,1
0,1,1,0,1,0,0,1
1,0,1,0,1,1,1,0
Time: 2025-01-07 00:52:00, Timestep: 53, Round: 4, Phase: TRANSMITTING, Aggregation Server: 2, Redistribution Server: TBD, Target Node: 2, Phase Length: 8, Timestep in Phase: 4, Current Connections: 5, Cumulative Connections: 5/6, Connected Sats: [1, 3, 4, 6, 7], Missing Sats: [5], Target Sats: [1, 3, 4, 5, 6, 7], Phase Complete: False
0,0,0,0,0,1,0,1
0,0,1,0,0,0,1,0
0,1,0,1,1,0,1,1
0,0,1,0,0,1,0,0
0,0,1,0,0,0,1,1
1,0,0,1,0,0,0,1
0,1,1,0,1,0,0,1
1,0,1,0,1,1,1,0
Time: 2025-01-07 00:53:00, Timestep: 54, Round: 4, Phase: TRANSMITTING, Aggregation Server: 2, Redistribution Server: TBD, Target Node: 2, Phase Length: 8, Timestep in Phase: 5, Current Connections: 5, Cumulative Connections: 5/6, Connected Sats: [1, 3, 4, 6, 7], Missing Sats: [5], Target Sats: [1, 3, 4, 5, 6, 7], Phase Complete: False
0,0,0,0,0,1,0,1
0,0,1,0,1,0,1,0
0,1,0,1,1,0,1,1
0,0,1,0,0,1,0,0
0,1,1,0,0,0,1,1
1,0,0,1,0,0,0,1
0,1,1,0,1,0,0,1
1,0,1,0,1,1,1,0
Time: 2025-01-07 00:54:00, Timestep: 55, Round: 4, Phase: TRANSMITTING, Aggregation Server: 2, Redistribution Server: TBD, Target Node: 2, Phase Length: 8, Timestep in Phase: 6, Current Connections: 5, Cumulative Connections: 5/6, Connected Sats: [1, 3, 4, 6, 7], Missing Sats: [5], Target Sats: [1, 3, 4, 5, 6, 7], Phase Complete: False
0,0,0,1,0,1,0,1
0,0,1,0,1,0,1,0
0,1,0,1,1,0,1,1
1,0,1,0,0,1,0,0
0,1,1,0,0,0,1,1
1,0,0,1,0,0,0,1
0,1,1,0,1,0,0,1
1,0,1,0,1,1,1,0
Time: 2025-01-07 00:55:00, Timestep: 56, Round: 4, Phase: TRANSMITTING, Aggregation Server: 2, Redistribution Server: TBD, Target Node: 2, Phase Length: 8, Timestep in Phase: 7, Current Connections: 4, Cumulative Connections: 5/6, Connected Sats: [1, 3, 4, 6, 7], Missing Sats: [5], Target Sats: [1, 3, 4, 5, 6, 7], Phase Complete: False
0,0,0,1,0,1,0,1
0,0,1,0,1,0,1,0
0,1,0,0,1,0,1,1
1,0,0,0,0,1,0,0
0,1,1,0,0,0,1,1
1,0,0,1,0,0,0,1
0,1,1,0,1,0,0,1
1,0,1,0,1,1,1,0
Time: 2025-01-07 00:56:00, Timestep: 57, Round: 4, Phase: TRANSMITTING, Aggregation Server: 2, Redistribution Server: TBD, Target Node: 2, Phase Length: 8, Timestep in Phase: 8, Current Connections: 5, Cumulative Connections: 6/6, Connected Sats: [1, 3, 4, 5, 6, 7], Missing Sats: [], Target Sats: [1, 3, 4, 5, 6, 7], Phase Complete: True
0,0,0,1,0,1,0,1
0,0,1,0,1,0,1,0
0,1,0,0,1,1,1,1
1,0,0,0,0,1,0,0
0,1,1,0,0,0,1,1
1,0,1,1,0,0,0,1
0,1,1,0,1,0,0,1
1,0,1,0,1,1,1,0
Time: 2025-01-07 00:57:00, Timestep: 58, Round: 4, Phase: REDISTRIBUTION, Aggregation Server: 2, Redistribution Server: 2, Target Node: 2, Phase Length: 1, Timestep in Phase: 1, Current Connections: 5, Cumulative Connections: 5/0, Connected Sats: [1, 4, 5, 6, 7], Missing Sats: [], Target Sats: [], Phase Complete: True
0,0,0,1,0,1,0,1
0,0,1,0,1,0,1,0
0,1,0,0,1,1,1,1
1,0,0,0,0,1,0,0
0,1,1,0,0,0,1,1
1,0,1,1,0,0,0,1
0,1,1,0,1,0,0,1
1,0,1,0,1,1,1,0
Time: 2025-01-07 00:58:00, Timestep: 59, Round: 5, Phase: TRANSMITTING, Aggregation Server: 2, Redistribution Server: TBD, Target Node: 2, Phase Length: 20, Timestep in Phase: 1, Current Connections: 5, Cumulative Connections: 5/6, Connected Sats: [1, 4, 5, 6, 7], Missing Sats: [3], Target Sats: [1, 3, 4, 5, 6, 7], Phase Complete: False
0,0,0,1,0,1,0,1
0,0,1,0,1,0,0,0
0,1,0,0,1,1,1,1
1,0,0,0,0,1,0,0
0,1,1,0,0,0,1,1
1,0,1,1,0,0,0,1
0,0,1,0,1,0,0,1
1,0,1,0,1,1,1,0
Time: 2025-01-07 00:59:00, Timestep: 60, Round: 5, Phase: TRANSMITTING, Aggregation Server: 2, Redistribution Server: TBD, Target Node: 2, Phase Length: 20, Timestep in Phase: 2, Current Connections: 5, Cumulative Connections: 5/6, Connected Sats: [1, 4, 5, 6, 7], Missing Sats: [3], Target Sats: [1, 3, 4, 5, 6, 7], Phase Complete: False
0,0,0,1,0,1,0,1
0,0,1,0,1,0,0,0
0,1,0,0,1,1,1,1
1,0,0,0,0,1,0,0
0,1,1,0,0,0,1,1
1,0,1,1,0,0,0,1
0,0,1,0,1,0,0,1
1,0,1,0,1,1,1,0
Time: 2025-01-07 01:00:00, Timestep: 61, Round: 5, Phase: TRANSMITTING, Aggregation Server: 2, Redistribution Server: TBD, Target Node: 2, Phase Length: 20, Timestep in Phase: 3, Current Connections: 5, Cumulative Connections: 5/6, Connected Sats: [1, 4, 5, 6, 7], Missing Sats: [3], Target Sats: [1, 3, 4, 5, 6, 7], Phase Complete: False
0,0,0,1,0,1,0,1
0,0,1,0,1,0,0,0
0,1,0,0,1,1,1,1
1,0,0,0,0,1,0,0
0,1,1,0,0,0,1,1
1,0,1,1,0,0,0,1
0,0,1,0,1,0,0,1
1,0,1,0,1,1,1,0
Time: 2025-01-07 01:01:00, Timestep: 62, Round: 5, Phase: TRANSMITTING, Aggregation Server: 2, Redistribution Server: TBD, Target Node: 2, Phase Length: 20, Timestep in Phase: 4, Current Connections: 5, Cumulative Connections: 5/6, Connected Sats: [1, 4, 5, 6, 7], Missing Sats: [3], Target Sats: [1, 3, 4, 5, 6, 7], Phase Complete: False
0,0,0,1,0,1,0,1
0,0,1,0,1,0,0,0
0,1,0,0,1,1,1,1
1,0,0,0,0,1,0,0
0,1,1,0,0,0,1,0
1,0,1,1,0,0,0,1
0,0,1,0,1,0,0,1
1,0,1,0,0,1,1,0
Time: 2025-01-07 01:02:00, Timestep: 63, Round: 5, Phase: TRANSMITTING, Aggregation Server: 2, Redistribution Server: TBD, Target Node: 2, Phase Length: 20, Timestep in Phase: 5, Current Connections: 5, Cumulative Connections: 5/6, Connected Sats: [1, 4, 5, 6, 7], Missing Sats: [3], Target Sats: [1, 3, 4, 5, 6, 7], Phase Complete: False
0,0,0,1,0,1,0,1
0,0,1,0,1,0,0,0
0,1,0,0,1,1,1,1
1,0,0,0,0,1,0,0
0,1,1,0,0,0,1,0
1,0,1,1,0,0,0,1
0,0,1,0,1,0,0,1
1,0,1,0,0,1,1,0
Time: 2025-01-07 01:03:00, Timestep: 64, Round: 5, Phase: TRANSMITTING, Aggregation Server: 2, Redistribution Server: TBD, Target Node: 2, Phase Length: 20, Timestep in Phase: 6, Current Connections: 5, Cumulative Connections: 5/6, Connected Sats: [1, 4, 5, 6, 7], Missing Sats: [3], Target Sats: [1, 3, 4, 5, 6, 7], Phase Complete: False
0,0,0,1,0,1,0,1
0,0,1,0,1,0,0,0
0,1,0,0,1,1,1,1
1,0,0,0,0,1,0,0
0,1,1,0,0,0,1,0
1,0,1,1,0,0,0,1
0,0,1,0,1,0,0,1
1,0,1,0,0,1,1,0
Time: 2025-01-07 01:04:00, Timestep: 65, Round: 5, Phase: TRANSMITTING, Aggregation Server: 2, Redistribution Server: TBD, Target Node: 2, Phase Length: 20, Timestep in Phase: 7, Current Connections: 5, Cumulative Connections: 5/6, Connected Sats: [1, 4, 5, 6, 7], Missing Sats: [3], Target Sats: [1, 3, 4, 5, 6, 7], Phase Complete: False
0,0,0,1,0,1,0,1
0,0,1,0,1,0,0,0
0,1,0,0,1,1,1,1
1,0,0,0,0,1,0,1
0,1,1,0,0,1,1,0
1,0,1,1,1,0,0,1
0,0,1,0,1,0,0,1
1,0,1,1,0,1,1,0
Time: 2025-01-07 01:05:00, Timestep: 66, Round: 5, Phase: TRANSMITTING, Aggregation Server: 2, Redistribution Server: TBD, Target Node: 2, Phase Length: 20, Timestep in Phase: 8, Current Connections: 5, Cumulative Connections: 5/6, Connected Sats: [1, 4, 5, 6, 7], Missing Sats: [3], Target Sats: [1, 3, 4, 5, 6, 7], Phase Complete: False
0,0,0,1,0,1,0,1
0,0,1,0,1,0,0,0
0,1,0,0,1,1,1,1
1,0,0,0,0,1,0,1
0,1,1,0,0,1,0,0
1,0,1,1,1,0,0,1
0,0,1,0,0,0,0,1
1,0,1,1,0,1,1,0
Time: 2025-01-07 01:06:00, Timestep: 67, Round: 5, Phase: TRANSMITTING, Aggregation Server: 2, Redistribution Server: TBD, Target Node: 2, Phase Length: 20, Timestep in Phase: 9, Current Connections: 5, Cumulative Connections: 5/6, Connected Sats: [1, 4, 5, 6, 7], Missing Sats: [3], Target Sats: [1, 3, 4, 5, 6, 7], Phase Complete: False
0,0,0,1,0,1,0,1
0,0,1,0,1,0,0,0
0,1,0,0,1,1,1,1
1,0,0,0,0,1,0,1
0,1,1,0,0,1,0,0
1,0,1,1,1,0,0,1
0,0,1,0,0,0,0,1
1,0,1,1,0,1,1,0
Time: 2025-01-07 01:07:00, Timestep: 68, Round: 5, Phase: TRANSMITTING, Aggregation Server: 2, Redistribution Server: TBD, Target Node: 2, Phase Length: 20, Timestep in Phase: 10, Current Connections: 5, Cumulative Connections: 5/6, Connected Sats: [1, 4, 5, 6, 7], Missing Sats: [3], Target Sats: [1, 3, 4, 5, 6, 7], Phase Complete: False
0,0,0,1,0,1,0,1
0,0,1,0,1,0,0,0
0,1,0,0,1,1,1,1
1,0,0,0,0,1,0,1
0,1,1,0,0,1,0,0
1,0,1,1,1,0,0,1
0,0,1,0,0,0,0,1
1,0,1,1,0,1,1,0
Time: 2025-01-07 01:08:00, Timestep: 69, Round: 5, Phase: TRANSMITTING, Aggregation Server: 2, Redistribution Server: TBD, Target Node: 2, Phase Length: 20, Timestep in Phase: 11, Current Connections: 5, Cumulative Connections: 5/6, Connected Sats: [1, 4, 5, 6, 7], Missing Sats: [3], Target Sats: [1, 3, 4, 5, 6, 7], Phase Complete: False
0,0,0,1,0,1,0,1
0,0,1,0,1,0,0,0
0,1,0,0,1,1,1,1
1,0,0,0,0,1,0,1
0,1,1,0,0,1,0,0
1,0,1,1,1,0,0,1
0,0,1,0,0,0,0,1
1,0,1,1,0,1,1,0
Time: 2025-01-07 01:09:00, Timestep: 70, Round: 5, Phase: TRANSMITTING, Aggregation Server: 2, Redistribution Server: TBD, Target Node: 2, Phase Length: 20, Timestep in Phase: 12, Current Connections: 5, Cumulative Connections: 5/6, Connected Sats: [1, 4, 5, 6, 7], Missing Sats: [3], Target Sats: [1, 3, 4, 5, 6, 7], Phase Complete: False
0,0,0,1,0,1,0,1
0,0,1,0,1,0,0,0
0,1,0,0,1,1,1,1
1,0,0,0,0,1,0,1
0,1,1,0,0,1,0,0
1,0,1,1,1,0,0,1
0,0,1,0,0,0,0,1
1,0,1,1,0,1,1,0
Time: 2025-01-07 01:10:00, Timestep: 71, Round: 5, Phase: TRANSMITTING, Aggregation Server: 2, Redistribution Server: TBD, Target Node: 2, Phase Length: 20, Timestep in Phase: 13, Current Connections: 5, Cumulative Connections: 5/6, Connected Sats: [1, 4, 5, 6, 7], Missing Sats: [3], Target Sats: [1, 3, 4, 5, 6, 7], Phase Complete: False
0,0,0,1,0,1,0,1
0,0,1,0,1,0,0,0
0,1,0,0,1,1,1,1
1,0,0,0,0,1,0,1
0,1,1,0,0,1,0,0
1,0,1,1,1,0,0,1
0,0,1,0,0,0,0,1
1,0,1,1,0,1,1,0
Time: 2025-01-07 01:11:00, Timestep: 72, Round: 5, Phase: TRANSMITTING, Aggregation Server: 2, Redistribution Server: TBD, Target Node: 2, Phase Length: 20, Timestep in Phase: 14, Current Connections: 5, Cumulative Connections: 5/6, Connected Sats: [1, 4, 5, 6, 7], Missing Sats: [3], Target Sats: [1, 3, 4, 5, 6, 7], Phase Complete: False
0,0,0,1,0,1,0,1
0,0,1,0,1,0,0,0
0,1,0,0,1,1,1,1
1,0,0,0,0,1,0,1
0,1,1,0,0,1,0,0
1,0,1,1,1,0,0,1
0,0,1,0,0,0,0,1
1,0,1,1,0,1,1,0
Time: 2025-01-07 01:12:00, Timestep: 73, Round: 5, Phase: TRANSMITTING, Aggregation Server: 2, Redistribution Server: TBD, Target Node: 2, Phase Length: 20, Timestep in Phase: 15, Current Connections: 5, Cumulative Connections: 5/6, Connected Sats: [1, 4, 5, 6, 7], Missing Sats: [3], Target Sats: [1, 3, 4, 5, 6, 7], Phase Complete: False
0,0,0,1,0,1,0,1
0,0,1,0,1,0,0,0
0,1,0,0,1,1,1,1
1,0,0,0,0,1,0,1
0,1,1,0,0,1,0,0
1,0,1,1,1,0,0,1
0,0,1,0,0,0,0,1
1,0,1,1,0,1,1,0
Time: 2025-01-07 01:13:00, Timestep: 74, Round: 5, Phase: TRANSMITTING, Aggregation Server: 2, Redistribution Server: TBD, Target Node: 2, Phase Length: 20, Timestep in Phase: 16, Current Connections: 5, Cumulative Connections: 5/6, Connected Sats: [1, 4, 5, 6, 7], Missing Sats: [3], Target Sats: [1, 3, 4, 5, 6, 7], Phase Complete: False
0,0,0,1,0,1,0,1
0,0,1,0,1,0,0,0
0,1,0,0,1,1,1,1
1,0,0,0,0,1,0,1
0,1,1,0,0,1,0,0
1,0,1,1,1,0,0,1
0,0,1,0,0,0,0,1
1,0,1,1,0,1,1,0
Time: 2025-01-07 01:14:00, Timestep: 75, Round: 5, Phase: TRANSMITTING, Aggregation Server: 2, Redistribution Server: TBD, Target Node: 2, Phase Length: 20, Timestep in Phase: 17, Current Connections: 5, Cumulative Connections: 5/6, Connected Sats: [1, 4, 5, 6, 7], Missing Sats: [3], Target Sats: [1, 3, 4, 5, 6, 7], Phase Complete: False
0,0,0,1,0,1,0,1
0,0,1,0,1,0,0,0
0,1,0,0,1,1,1,1
1,0,0,0,0,1,1,1
0,1,1,0,0,1,0,0
1,0,1,1,1,0,0,1
0,0,1,1,0,0,0,1
1,0,1,1,0,1,1,0
Time: 2025-01-07 01:15:00, Timestep: 76, Round: 5, Phase: TRANSMITTING, Aggregation Server: 2, Redistribution Server: TBD, Target Node: 2, Phase Length: 20, Timestep in Phase: 18, Current Connections: 5, Cumulative Connections: 5/6, Connected Sats: [1, 4, 5, 6, 7], Missing Sats: [3], Target Sats: [1, 3, 4, 5, 6, 7], Phase Complete: False
0,0,0,1,0,1,0,1
0,0,1,0,1,0,0,0
0,1,0,0,1,1,1,1
1,0,0,0,0,1,1,1
0,1,1,0,0,1,0,0
1,0,1,1,1,0,0,1
0,0,1,1,0,0,0,1
1,0,1,1,0,1,1,0
Time: 2025-01-07 01:16:00, Timestep: 77, Round: 5, Phase: TRANSMITTING, Aggregation Server: 2, Redistribution Server: TBD, Target Node: 2, Phase Length: 20, Timestep in Phase: 19, Current Connections: 4, Cumulative Connections: 5/6, Connected Sats: [1, 4, 5, 6, 7], Missing Sats: [3], Target Sats: [1, 3, 4, 5, 6, 7], Phase Complete: False
0,0,0,1,0,1,0,1
0,0,1,0,1,0,0,0
0,1,0,0,1,0,1,1
1,0,0,0,0,1,1,1
0,1,1,0,0,1,0,0
1,0,0,1,1,0,0,1
0,0,1,1,0,0,0,1
1,0,1,1,0,1,1,0
Time: 2025-01-07 01:17:00, Timestep: 78, Round: 5, Phase: TRANSMITTING, Aggregation Server: 2, Redistribution Server: TBD, Target Node: 2, Phase Length: 20, Timestep in Phase: 20, Current Connections: 4, Cumulative Connections: 5/6, Connected Sats: [1, 4, 5, 6, 7], Missing Sats: [3], Target Sats: [1, 3, 4, 5, 6, 7], Phase Complete: False
0,0,0,1,0,1,0,1
0,0,1,0,1,0,0,0
0,1,0,0,1,0,1,1
1,0,0,0,0,1,1,1
0,1,1,0,0,1,0,0
1,0,0,1,1,0,0,1
0,0,1,1,0,0,0,1
1,0,1,1,0,1,1,0
Time: 2025-01-07 01:18:00, Timestep: 79, Round: 5, Phase: REDISTRIBUTION, Aggregation Server: 2, Redistribution Server: 2, Target Node: 2, Phase Length: 1, Timestep in Phase: 1, Current Connections: 5, Cumulative Connections: 5/0, Connected Sats: [1, 3, 4, 6, 7], Missing Sats: [], Target Sats: [], Phase Complete: True
0,0,0,1,0,1,0,1
0,0,1,0,1,0,0,0
0,1,0,1,1,0,1,1
1,0,1,0,0,0,1,1
0,1,1,0,0,1,0,0
1,0,0,0,1,0,0,1
0,0,1,1,0,0,0,1
1,0,1,1,0,1,1,0
Time: 2025-01-07 01:19:00, Timestep: 80, Round: 6, Phase: TRANSMITTING, Aggregation Server: 4, Redistribution Server: TBD, Target Node: 4, Phase Length: 8, Timestep in Phase: 1, Current Connections: 4, Cumulative Connections: 4/6, Connected Sats: [0, 1, 2, 5], Missing Sats: [6, 7], Target Sats: [0, 1, 2, 5, 6, 7], Phase Complete: False
0,0,0,1,1,1,0,1
0,0,1,0,1,0,0,0
0,1,0,1,1,0,1,1
1,0,1,0,0,0,1,1
1,1,1,0,0,1,0,0
1,0,0,0,1,0,0,1
0,0,1,1,0,0,0,1
1,0,1,1,0,1,1,0
Time: 2025-01-07 01:20:00, Timestep: 81, Round: 6, Phase: TRANSMITTING, Aggregation Server: 4, Redistribution Server: TBD, Target Node: 4, Phase Length: 8, Timestep in Phase: 2, Current Connections: 5, Cumulative Connections: 5/6, Connected Sats: [0, 1, 2, 5, 7], Missing Sats: [6], Target Sats: [0, 1, 2, 5, 6, 7], Phase Complete: False
0,0,0,1,1,1,0,1
0,0,1,0,1,0,0,0
0,1,0,1,1,0,1,1
1,0,1,0,0,0,1,1
1,1,1,0,0,1,0,1
1,0,0,0,1,0,0,1
0,0,1,1,0,0,0,1
1,0,1,1,1,1,1,0
Time: 2025-01-07 01:21:00, Timestep: 82, Round: 6, Phase: TRANSMITTING, Aggregation Server: 4, Redistribution Server: TBD, Target Node: 4, Phase Length: 8, Timestep in Phase: 3, Current Connections: 5, Cumulative Connections: 5/6, Connected Sats: [0, 1, 2, 5, 7], Missing Sats: [6], Target Sats: [0, 1, 2, 5, 6, 7], Phase Complete: False
0,0,0,1,1,1,0,1
0,0,1,0,1,0,1,0
0,1,0,1,1,0,1,1
1,0,1,0,0,0,1,1
1,1,1,0,0,1,0,1
1,0,0,0,1,0,0,1
0,1,1,1,0,0,0,1
1,0,1,1,1,1,1,0
Time: 2025-01-07 01:22:00, Timestep: 83, Round: 6, Phase: TRANSMITTING, Aggregation Server: 4, Redistribution Server: TBD, Target Node: 4, Phase Length: 8, Timestep in Phase: 4, Current Connections: 5, Cumulative Connections: 5/6, Connected Sats: [0, 1, 2, 5, 7], Missing Sats: [6], Target Sats: [0, 1, 2, 5, 6, 7], Phase Complete: False
0,0,0,1,1,1,0,1
0,0,1,0,1,0,1,0
0,1,0,1,1,0,1,1
1,0,1,0,0,0,1,1
1,1,1,0,0,1,0,1
1,0,0,0,1,0,0,1
0,1,1,1,0,0,0,1
1,0,1,1,1,1,1,0
Time: 2025-01-07 01:23:00, Timestep: 84, Round: 6, Phase: TRANSMITTING, Aggregation Server: 4, Redistribution Server: TBD, Target Node: 4, Phase Length: 8, Timestep in Phase: 5, Current Connections: 4, Cumulative Connections: 5/6, Connected Sats: [0, 1, 2, 5, 7], Missing Sats: [6], Target Sats: [0, 1, 2, 5, 6, 7], Phase Complete: False
0,0,0,1,1,1,0,1
0,0,1,0,0,0,1,0
0,1,0,1,1,0,1,1
1,0,1,0,0,0,1,1
1,0,1,0,0,1,0,1
1,0,0,0,1,0,0,1
0,1,1,1,0,0,0,1
1,0,1,1,1,1,1,0
Time: 2025-01-07 01:24:00, Timestep: 85, Round: 6, Phase: TRANSMITTING, Aggregation Server: 4, Redistribution Server: TBD, Target Node: 4, Phase Length: 8, Timestep in Phase: 6, Current Connections: 4, Cumulative Connections: 5/6, Connected Sats: [0, 1, 2, 5, 7], Missing Sats: [6], Target Sats: [0, 1, 2, 5, 6, 7], Phase Complete: False
0,0,0,1,1,1,0,1
0,0,1,0,0,0,1,0
0,1,0,1,1,0,1,1
1,0,1,0,0,0,1,1
1,0,1,0,0,1,0,1
1,0,0,0,1,0,0,1
0,1,1,1,0,0,0,1
1,0,1,1,1,1,1,0
Time: 2025-01-07 01:25:00, Timestep: 86, Round: 6, Phase: TRANSMITTING, Aggregation Server: 4, Redistribution Server: TBD, Target Node: 4, Phase Length: 8, Timestep in Phase: 7, Current Connections: 4, Cumulative Connections: 5/6, Connected Sats: [0, 1, 2, 5, 7], Missing Sats: [6], Target Sats: [0, 1, 2, 5, 6, 7], Phase Complete: False
0,0,0,1,1,1,0,1
0,0,1,0,0,0,1,0
0,1,0,1,1,0,1,1
1,0,1,0,0,0,1,1
1,0,1,0,0,1,0,1
1,0,0,0,1,0,0,1
0,1,1,1,0,0,0,1
1,0,1,1,1,1,1,0
Time: 2025-01-07 01:26:00, Timestep: 87, Round: 6, Phase: TRANSMITTING, Aggregation Server: 4, Redistribution Server: TBD, Target Node: 4, Phase Length: 8, Timestep in Phase: 8, Current Connections: 5, Cumulative Connections: 6/6, Connected Sats: [0, 1, 2, 5, 6, 7], Missing Sats: [], Target Sats: [0, 1, 2, 5, 6, 7], Phase Complete: True
0,0,0,1,1,1,0,1
0,0,1,0,0,0,1,0
0,1,0,1,1,0,1,1
1,0,1,0,0,0,1,1
1,0,1,0,0,1,1,1
1,0,0,0,1,0,0,1
0,1,1,1,1,0,0,1
1,0,1,1,1,1,1,0
Time: 2025-01-07 01:27:00, Timestep: 88, Round: 6, Phase: REDISTRIBUTION, Aggregation Server: 4, Redistribution Server: 4, Target Node: 4, Phase Length: 1, Timestep in Phase: 1, Current Connections: 5, Cumulative Connections: 5/0, Connected Sats: [0, 2, 5, 6, 7], Missing Sats: [], Target Sats: [], Phase Complete: True
0,0,0,1,1,1,0,1
0,0,1,0,0,0,1,0
0,1,0,1,1,0,1,1
1,0,1,0,0,0,1,1
1,0,1,0,0,1,1,1
1,0,0,0,1,0,0,1
0,1,1,1,1,0,0,1
1,0,1,1,1,1,1,0
Time: 2025-01-07 01:28:00, Timestep: 89, Round: 7, Phase: TRANSMITTING, Aggregation Server: 7, Redistribution Server: TBD, Target Node: 7, Phase Length: 1, Timestep in Phase: 1, Current Connections: 6, Cumulative Connections: 6/6, Connected Sats: [0, 2, 3, 4, 5, 6], Missing Sats: [], Target Sats: [0, 2, 3, 4, 5, 6], Phase Complete: True
0,0,0,1,1,1,0,1
0,0,1,0,0,0,1,0
0,1,0,1,1,0,1,1
1,0,1,0,0,0,1,1
1,0,1,0,0,1,1,1
1,0,0,0,1,0,0,1
0,1,1,1,1,0,0,1
1,0,1,1,1,1,1,0
Time: 2025-01-07 01:29:00, Timestep: 90, Round: 7, Phase: REDISTRIBUTION, Aggregation Server: 7, Redistribution Server: 7, Target Node: 7, Phase Length: 1, Timestep in Phase: 1, Current Connections: 6, Cumulative Connections: 6/0, Connected Sats: [0, 2, 3, 4, 5, 6], Missing Sats: [], Target Sats: [], Phase Complete: True
0,0,0,1,1,1,0,1
0,0,1,0,0,0,1,0
0,1,0,1,1,0,1,1
1,0,1,0,0,0,1,1
1,0,1,0,0,1,1,1
1,0,0,0,1,0,0,1
0,1,1,1,1,0,0,1
1,0,1,1,1,1,1,0
Time: 2025-01-07 01:30:00, Timestep: 91, Round: 8, Phase: TRANSMITTING, Aggregation Server: 7, Redistribution Server: TBD, Target Node: 7, Phase Length: 1, Timestep in Phase: 1, Current Connections: 6, Cumulative Connections: 6/6, Connected Sats: [0, 2, 3, 4, 5, 6], Missing Sats: [], Target Sats: [0, 2, 3, 4, 5, 6], Phase Complete: True
0,0,0,0,1,1,0,1
0,0,1,0,0,0,1,0
0,1,0,1,1,0,1,1
0,0,1,0,0,0,1,1
1,0,1,0,0,1,1,1
1,0,0,0,1,0,0,1
0,1,1,1,1,0,0,1
1,0,1,1,1,1,1,0
Time: 2025-01-07 01:31:00, Timestep: 92, Round: 8, Phase: REDISTRIBUTION, Aggregation Server: 7, Redistribution Server: 7, Target Node: 7, Phase Length: 1, Timestep in Phase: 1, Current Connections: 6, Cumulative Connections: 6/0, Connected Sats: [0, 2, 3, 4, 5, 6], Missing Sats: [], Target Sats: [], Phase Complete: True
0,0,0,0,1,1,0,1
0,0,1,0,0,0,1,0
0,1,0,1,1,0,1,1
0,0,1,0,0,0,0,1
1,0,1,0,0,1,1,1
1,0,0,0,1,0,0,1
0,1,1,0,1,0,0,1
1,0,1,1,1,1,1,0
Time: 2025-01-07 01:32:00, Timestep: 93, Round: 9, Phase: TRANSMITTING, Aggregation Server: 2, Redistribution Server: TBD, Target Node: 2, Phase Length: 1, Timestep in Phase: 1, Current Connections: 5, Cumulative Connections: 5/5, Connected Sats: [1, 3, 4, 6, 7], Missing Sats: [], Target Sats: [1, 3, 4, 6, 7], Phase Complete: True
0,0,0,0,1,1,0,1
0,0,1,0,0,0,1,0
0,1,0,1,1,0,1,1
0,0,1,0,0,0,0,0
1,0,1,0,0,1,1,1
1,0,0,0,1,0,0,1
0,1,1,0,1,0,0,1
1,0,1,0,1,1,1,0
Time: 2025-01-07 01:33:00, Timestep: 94, Round: 9, Phase: REDISTRIBUTION, Aggregation Server: 2, Redistribution Server: 2, Target Node: 2, Phase Length: 1, Timestep in Phase: 1, Current Connections: 5, Cumulative Connections: 5/0, Connected Sats: [1, 3, 4, 6, 7], Missing Sats: [], Target Sats: [], Phase Complete: True
0,0,0,0,1,1,0,1
0,0,1,0,0,0,1,0
0,1,0,1,1,0,1,1
0,0,1,0,0,0,0,0
1,0,1,0,0,1,1,1
1,0,0,0,1,0,0,1
0,1,1,0,1,0,0,1
1,0,1,0,1,1,1,0
Time: 2025-01-07 01:34:00, Timestep: 95, Round: 10, Phase: TRANSMITTING, Aggregation Server: 2, Redistribution Server: TBD, Target Node: 2, Phase Length: 1, Timestep in Phase: 1, Current Connections: 5, Cumulative Connections: 5/5, Connected Sats: [1, 3, 4, 6, 7], Missing Sats: [], Target Sats: [1, 3, 4, 6, 7], Phase Complete: True
0,0,0,0,1,1,0,1
0,0,1,0,0,0,1,0
0,1,0,1,1,0,1,1
0,0,1,0,0,0,0,0
1,0,1,0,0,1,1,1
1,0,0,0,1,0,0,1
0,1,1,0,1,0,0,1
1,0,1,0,1,1,1,0
Time: 2025-01-07 01:35:00, Timestep: 96, Round: 10, Phase: REDISTRIBUTION, Aggregation Server: 2, Redistribution Server: 2, Target Node: 2, Phase Length: 1, Timestep in Phase: 1, Current Connections: 5, Cumulative Connections: 5/0, Connected Sats: [1, 3, 4, 6, 7], Missing Sats: [], Target Sats: [], Phase Complete: True
0,0,0,0,1,1,0,1
0,0,1,0,0,0,1,0
0,1,0,1,1,0,1,1
0,0,1,0,0,0,0,0
1,0,1,0,0,1,1,1
1,0,0,0,1,0,0,1
0,1,1,0,1,0,0,1
1,0,1,0,1,1,1,0
Time: 2025-01-07 01:36:00, Timestep: 97, Round: 11, Phase: TRANSMITTING, Aggregation Server: 2, Redistribution Server: TBD, Target Node: 2, Phase Length: 1, Timestep in Phase: 1, Current Connections: 5, Cumulative Connections: 5/5, Connected Sats: [1, 3, 4, 6, 7], Missing Sats: [], Target Sats: [1, 3, 4, 6, 7], Phase Complete: True
0,0,0,0,1,1,0,1
0,0,1,0,0,0,1,0
0,1,0,1,1,0,1,1
0,0,1,0,0,0,0,0
1,0,1,0,0,1,1,1
1,0,0,0,1,0,0,1
0,1,1,0,1,0,0,1
1,0,1,0,1,1,1,0
Time: 2025-01-07 01:37:00, Timestep: 98, Round: 11, Phase: REDISTRIBUTION, Aggregation Server: 2, Redistribution Server: 2, Target Node: 2, Phase Length: 1, Timestep in Phase: 1, Current Connections: 5, Cumulative Connections: 5/0, Connected Sats: [1, 3, 4, 6, 7], Missing Sats: [], Target Sats: [], Phase Complete: True
0,0,0,0,1,1,0,1
0,0,1,0,0,0,1,0
0,1,0,1,1,0,1,1
0,0,1,0,0,0,0,0
1,0,1,0,0,1,1,1
1,0,0,0,1,0,0,1
0,1,1,0,1,0,0,1
1,0,1,0,1,1,1,0
Time: 2025-01-07 01:38:00, Timestep: 99, Round: 12, Phase: TRANSMITTING, Aggregation Server: 2, Redistribution Server: TBD, Target Node: 2, Phase Length: 1, Timestep in Phase: 1, Current Connections: 5, Cumulative Connections: 5/5, Connected Sats: [1, 3, 4, 6, 7], Missing Sats: [], Target Sats: [1, 3, 4, 6, 7], Phase Complete: True
0,0,0,0,1,1,0,1
0,0,1,0,0,0,1,0
0,1,0,1,1,0,1,1
0,0,1,0,0,1,0,0
1,0,1,0,0,0,1,1
1,0,0,1,0,0,0,1
0,1,1,0,1,0,0,1
1,0,1,0,1,1,1,0
Time: 2025-01-07 01:39:00, Timestep: 100, Round: 12, Phase: REDISTRIBUTION, Aggregation Server: 2, Redistribution Server: 2, Target Node: 2, Phase Length: 1, Timestep in Phase: 1, Current Connections: 5, Cumulative Connections: 5/0, Connected Sats: [1, 3, 4, 6, 7], Missing Sats: [], Target Sats: [], Phase Complete: True
0,0,0,0,1,1,0,1
0,0,1,0,0,0,1,0
0,1,0,1,1,0,1,1
0,0,1,0,0,1,0,0
1,0,1,0,0,0,1,1
1,0,0,1,0,0,0,1
0,1,1,0,1,0,0,1
1,0,1,0,1,1,1,0
